golden_id,customer_tweet_id,customer_text,brand_text,heuristic_bucket,suggested_intent,suggested_confidence,true_intent,true_escalate,escalate_reason
g0000,2980890,What a fake support have. Fist you give fake promises to customers and then show your true​ colors Worst support guys... Worst support.,For further assistance on this kindly reply to the same email. Please don’t provide your order details as we consider them to be personal info. Our page is visible to public. 2/2 ^AH,product_quality_defect,complaint_negative_other,0.95,complaint_negative_other,True,"The customer is expressing high frustration and anger regarding poor support experiences, requiring human de-escalation rather than an automated response."
g0001,1048169,"I got my printer today, power cable is damaged, and there is no Data cable Check image. Order number- 403-9681243-2700349",You can reach out to our support team here: We'll definitely look into it. 2/3 ^PS,product_quality_defect,product_quality_defect,1.0,product_quality_defect,False,"The customer is reporting a standard defective item issue with missing accessories, which can be safely handled by the automated returns and replacement workflow."
g0002,649719,can you buy Prime as a gift in the UK yet? Thanks,I'm sorry! We don't offer Prime gift memberships in the UK. ^WT,compliment_positive_feedback,general_inquiry,0.95,general_inquiry,False,This is a straightforward factual inquiry about a standard service offering that can be accurately and safely answered by an automated system.
g0003,2646250,"Numerous times. Automated responses by system, no response to complaints basically hiding their heads in the sand. Well know Issues/problems not being addressed &amp; rules self evident on constantly being broken by the use of bots hacking into the system 👎🏻😡",Thanks for reaching out to us! We don't have access to your account via Twitter. We'd love to help anyway we can. Please reach out to us here via phone or chat: ^MO,account_security,complaint_negative_other,0.9,complaint_negative_other,True,"The customer is expressing high frustration and anger regarding unresolved system issues and alleged bot hacking, which requires human de-escalation rather than an automated response."
g0004,174587,"my amazon package is like 10 minutes away, but not out for delivery yet. gimme",Our carriers have until 8PM to deliver. Please keep us posted. ^AG,order_status_delivery,order_status_delivery,0.95,order_status_delivery,False,"The customer is inquiring about a standard delivery status within a reasonable timeframe, which can be safely handled by an automated tracking response."
g0005,2600908,has been unable to fix an issue with for the past 2 weeks and does take care of it at all. Worst customer service ever. I may go to,"Hello James, I am sorry to hear that you are having problems using the feature. When you reached out to us what were you advised ? ^CR",complaint_negative_other,complaint_negative_other,0.9,complaint_negative_other,True,"The customer is expressing extreme frustration over an unresolved issue lasting two weeks and makes an implicit legal or regulatory threat ('I may go to'), requiring human de-escalation."
g0006,63826,Hi order number is 171-4216090-2817924 ordered wallet yesterday but there is no wallet in it . Got empty box . See to it asap . This is a fraud happening and you will loose a valuable customer now registered number 9873513970,Apologies for not receiving the wallet. We would like to take a closer look into this. Please share your details here: - so that we can get this sorted at the earliest. 1/2^SC,account_security,product_quality_defect,0.95,product_quality_defect,True,"The customer is accusing Amazon of fraud after receiving an empty box, which requires human de-escalation and investigation."
g0007,238886,": Ours is a business account. Ordered 14 items for diwali gifts for staffs worth 10K INR. Order cancelled for 12 items. Order # 403-6277206-9111521. Customer service say, can't do anything. Why i should have business account then?",Write to us here: &amp; we'll help you with the available options. 2/2 ^MJ,refund_return_cancellation,refund_return_cancellation,0.95,refund_return_cancellation,True,"This involves a high-value B2B order cancellation of 10K INR, frustrated business customer sentiment, and a prior unresolved customer service interaction that requires human judgment and de-escalation."
g0008,2544923,"Adding multiple 3rd party auth keys is broken. None of the new keys I auth to devices work for 3rd party auth, only the original key. This is really frustrating and needs fixed.",We want to help! Please tell us more about the devices or applications you are trying to authorize. ^SH,product_quality_defect,app_website_technical,0.95,app_website_technical,True,"The customer is expressing frustration over a broken technical feature regarding third-party authentication keys, which requires manual investigation and de-escalation by support."
g0009,2061602,Thank you - now sorted with an email. #HappyCustomer,Awesome! Glad we could help get this sorted out for you!,compliment_positive_feedback,compliment_positive_feedback,0.99,compliment_positive_feedback,False,"This is a positive customer feedback message confirming the issue is resolved, requiring no further action or escalation."
g0010,2290180,Height of #shamelessness i was not available at home?? Really? No call nothing and u say this. Now toh i don't need this at all...thanks.. suggest me link to buy books,kindly report it to our support team here: and we'll resolve it for you at the earliest. 2/2 ^KH,app_website_technical,order_status_delivery,0.9,order_status_delivery,True,"The customer is visibly angry and frustrated regarding a failed delivery attempt, requiring human de-escalation rather than an automated response."
g0011,232384,Mismatch on payment amount.Lot of software bugs in placing order during the #AmazonGreatIndianFestival,Sorry about that. Kindly get in touch with us here: and we’ll be glad to help you. ^AG,billing_payment_issue,billing_payment_issue,0.85,billing_payment_issue,True,"The customer is reporting a payment discrepancy and software bugs during a major shopping event, which involves financial concerns and requires careful human intervention to resolve accurately."
g0012,2444008,Frustrated beyond belief not being able to change my password!! Not cool.,I'm sorry for the trouble! You can find information on how to reset your password here: ^LR,account_security,account_security,0.95,account_security,True,"The customer is frustrated and the issue involves account security, which requires human empathy and verification."
g0013,646734,Very disappointed that my parcel has arrived extremely dented. Items that can be damaged should be boxed not packaged in a wrap around cardboard sleeve.,"I'm so sorry that your item arrived in this condition, Helen! Was the item damaged, or just the packaging itself? Also, if you could please take a moment to provide your input on the packaging here: Thank you! ^SP",order_status_delivery,product_quality_defect,0.95,product_quality_defect,False,This is a standard product damage complaint that can be efficiently resolved by the automated agent using a predefined replacement or refund workflow.
g0014,1555491,Plz update,Apologies for the delay. Could you confirm if you've shared the details using the link provided in the previous post? ^SK,unmatched,order_status_delivery,0.65,complaint_negative_other,True,"The customer message 'Plz update' is extremely ambiguous and lacks necessary context, meaning an automated reply would likely be incorrect and frustrate the customer further."
g0015,561689,"Hi, keep getting an error after entering my password on app (something went wrong...) and unable to place orders as well (see video). Any ideas?","I'm sorry to see this. Have you had a chance to try completely closing the app? If that doesn't work, please try uninstalling and reinstalling the app on your phone. Please keep us posted! ^GR",account_security,app_website_technical,0.95,app_website_technical,False,"The customer is reporting a standard technical app error without expressing extreme anger, legal threats, or account security risks, making it suitable for automated troubleshooting guidance."
g0016,2410505,#fraud #chor Invoice with no Imei on most of the products,Invoices sent with product for delivery don't contain the IMEI number. Please contact us here: so we can assist you.^PJ,account_security,product_quality_defect,0.85,product_quality_defect,True,"The customer used the hashtag fraud and chor, indicating strong anger and potential legal or security implications that require human de-escalation."
g0017,833413,. I was suppose to get my order before 23rd Oct but it's showing delivered. This is not even my address. What's wrong ?,Sorry for the mix up. Please contact us here: so that we can assist you accordingly. ^SC,order_status_delivery,order_status_delivery,0.95,order_status_delivery,True,"The customer is reporting a misdelivered order with an incorrect address, which requires human verification and intervention to resolve."
g0018,316505,"I haven't, because I had talked to your tele customer support call back from the app in the afternoon and the link seemed to be for same.","Kindly share your details via the above link, we'll check this for you. Appreciate your cooperation. ^SG",app_website_technical,general_inquiry,0.6,app_website_technical,True,"The customer is referencing a potentially suspicious phone call and app link, which touches on account security and requires human verification to prevent potential phishing or fraud."
g0019,1737986,I want some help,We'd like to help you. Please tell us what went wrong? ^BS,unmatched,general_inquiry,0.7,general_inquiry,False,"The customer message is a simple, standard general inquiry that can be safely handled by an automated assistant offering routine support options."
g0020,1623905,It has requested me to login and I've closed my amazon account few month s back. What to do now.,"In that case, your mobile number might be registered with a different account already. (1/2) ^SS",account_security,account_security,0.9,account_security,True,"The customer is experiencing login prompts related to a previously closed account, which involves account security and requires manual verification by a human agent."
g0021,1104404,Thanks for your prompt response,"You did the right thing tweeting your concern, did you have a word with our support team using the link shared? ^MJ",compliment_positive_feedback,compliment_positive_feedback,0.95,compliment_positive_feedback,False,"This is a simple positive compliment and does not involve any high-risk issues like financial transactions, security, or legal threats."
g0022,1319906,Please process my refund...Its almost a month now Order ID 408-8894703-4175531 #AmazonIN #RefundPlease,Apologies for the delay in the refund. May I know if you've reported this to our support team? ^EM,refund_return_cancellation,refund_return_cancellation,1.0,refund_return_cancellation,True,"The customer is requesting a financial refund for an older order with a public hashtag, which involves money and requires human handling or verification."
g0023,109847,when will I be charged for my order? When it ships?,Absolutely! We only charge for an order once we are 100% sure it is on its way to you. I hope this information helps! ^JD,billing_payment_issue,general_inquiry,0.95,general_inquiry,False,This is a standard billing and shipping inquiry that can be safely and accurately handled by an automated FAQ response.
g0024,138114,pathetic customer service from Amazon India. Richa Mishra trying to get our prime membership reinstate. NO Help!!!!!.,You seem upset. Could you elaborate your concern? We'd like to help. ^MO,complaint_negative_other,complaint_negative_other,0.95,complaint_negative_other,True,The customer is expressing severe frustration with specific staff and needs human de-escalation rather than an automated response.
g0025,2527596,the difficulty of adding an an address in your Android app is embarrassing,"I'm sorry for the difficulty. We're always looking for ways to improve and welcome your feedback: Select: or Something else 2.More order issues&gt; Give Amazon Feedback ""E-mail"" to contact us. ^SE",app_website_technical,app_website_technical,0.95,app_website_technical,False,"The customer is expressing frustration about a UI issue in the Android app, but it is standard feedback regarding navigation rather than a critical account security or legal risk, making it suitable for an automated technical support response."
g0026,1315526,YOUR WEBSITE IS GARBAGE! I couldn't check out and now the phone isn't available. F U!,place the order with us. Please stay tuned for the product to get back in stock again. 2/2 ^AB,app_website_technical,app_website_technical,0.95,app_website_technical,True,"The customer is extremely angry, using profanity, and expressing significant frustration over a failed checkout and product availability issue that requires human de-escalation."
g0027,231498,I've spoken to your customer support 3 times today about this. I saw the delivery driver on cctv not even attempting to deliver my parcel.,I'd like a member of our team to review this for you. Please provide your order details here: ^RA,order_status_delivery,order_status_delivery,0.95,order_status_delivery,True,"The customer is frustrated after multiple contacts today and alleges delivery failure backed by CCTV evidence, requiring human intervention and de-escalation."
g0028,2633026,Tirns out ive beencharged twice for both. Im not trusting the seller and these are the people your link takes me to. Im looking to speak to someone at Amazon itself and not the seller please?,I'm sorry about that! Give us a call here: so we can work on this with you. ^AH,billing_payment_issue,billing_payment_issue,0.95,billing_payment_issue,True,"The customer is upset about double charges, distrusts the third-party seller, and explicitly demands to speak with an Amazon representative rather than being handled by an automated system."
g0029,317727,"i ordered sunflame gas stove got defective product so i called for pickup , no one has come till now 408-6324541-6913919",Sorry for the delay. Contact our support team here: they will be assist you further.(1/2)^GU,product_quality_defect,refund_return_cancellation,0.95,order_status_delivery,True,"The customer is reporting a defective product and a failed pickup, which involves potential replacement or refund issues requiring human intervention."
g0030,1148739,My problems have been well documented&amp;you should be able to see the notes. It is ridiculous that I have to contact you again!,We do not have account access here on Twitter. Please use the link provided above so we can look into this for you. ^TR,complaint_negative_other,complaint_negative_other,0.9,complaint_negative_other,True,The customer is clearly angry about a recurring issue and requires human de-escalation rather than a purely automated response.
g0031,2336967,is there anywhere I can make a suggestion for a better customer service experience?,We're always striving to improve! You can leave feedback regarding your experience through the Prime Now app. ^SB,unmatched,general_inquiry,0.95,general_inquiry,False,This is a standard feedback inquiry that can be safely handled by providing a link to the customer feedback form.
g0032,497350,"u sucks man ... prime member like faces this sort of service, not done at all .... not buying anything from again....",That's quite a remark. Apologies! Please elaborate your concern for us to assist you better. ^SV,complaint_negative_other,complaint_negative_other,0.95,complaint_negative_other,True,"The customer is explicitly angry about Prime service quality and threatening to stop purchasing, requiring human de-escalation rather than an automated reply."
g0033,324126,Ur customer care guys talks like road side gunda always make fake promises. No use of customer care.And u Amazon is biggest cheater,I'm sorry about the unpleasant experience. Could you let us know if the order was returned or is it still in transit to you? ^HA,product_quality_defect,complaint_negative_other,0.95,complaint_negative_other,True,"The customer is extremely angry, uses aggressive language, and accuses Amazon of cheating, which requires human de-escalation rather than an automated reply."
g0034,1191342,"Hi , can you please tell me how long the Kindle Anniversary Deals will be running? Thanks!",The Kindle Deals event will run from 9 p.m. Pacific time on Oct. 22 to 11:59 p.m. Pacific time on Oct. 25. ^PK,compliment_positive_feedback,general_inquiry,0.98,general_inquiry,False,The customer is asking a straightforward informational question about a sale duration that can be safely answered by an automated system.
g0035,1678561,Thank you for suggestions but I had called to the customer service they were not able to find my order details,Please drop in your details here: We'll connect with you shortly. ^MP 2/2,compliment_positive_feedback,order_status_delivery,0.9,order_status_delivery,True,"The customer's order details could not be found by phone support, indicating a complex issue that requires human investigation rather than automated handling."
g0036,671718,Oops .. when it will get refunded in my IOB account? I need to recharge Amazon pay as my 2 items are in cart and I need to buy those soon.,I get your concern regarding the payment. I'd like to inform you that the bank would automatically reverse the charge to your account within 3-5 business. ^EM,refund_return_cancellation,refund_return_cancellation,0.95,refund_return_cancellation,True,"The customer is asking about a specific financial refund and its timeline, which involves money and requires careful verification by a human support agent rather than an automated response."
g0037,699480,"I really did it was extremely helpful, thank you again :)","You're very welcome, Katy. Have a lovely day :) ^GA",compliment_positive_feedback,compliment_positive_feedback,1.0,compliment_positive_feedback,False,"The customer message is purely positive feedback expressing satisfaction, which poses no risk and can be safely handled automatically."
g0038,2217341,"Wish I had the cables to actually record, but sucks a gorilla dick.",Terribly sorry for the problems you're having! Is this regarding a recent order? ^JZ,complaint_negative_other,complaint_negative_other,0.85,complaint_negative_other,True,"The customer is expressing explicit frustration and profanity, which requires human de-escalation rather than an automated response."
g0039,1457955,I Was in Last week and now I'm not. Are you ok? Worst experience ever.,"I'm sorry for any troubles. Can you tell us which site you're using? i.e., .com, .br, .uk. We'd be happy to help! ^SK",complaint_negative_other,complaint_negative_other,0.8,complaint_negative_other,True,"The customer is expressing strong negative sentiment and confusion about their account status, requiring human de-escalation rather than an automated reply."
g0040,2386363,I already spoke to your customer care team and they are clueless and least bothered. I made a terrible mistake by ordering on,I’m sorry about the hassle. Please drop in your details here: We will sort this for you. ^SB,complaint_negative_other,complaint_negative_other,0.9,complaint_negative_other,True,"The customer is explicitly angry and frustrated with previous support, requiring human de-escalation rather than automated responses."
g0041,1595377,I had a very strange experience with a customer service rep who fraudulently deducted several hundred dollars from my account.,"Thank you for reporting this. We'd like to investigate in real-time, please reach out by phone here: ^GR",account_security,billing_payment_issue,0.95,billing_payment_issue,True,"The customer is reporting serious financial fraud and unauthorized monetary deductions, which requires human investigation and intervention."
g0042,128050,Reply ds first ..as per your mail..All the issues are at your end.. don't pretend to be stupid,The resolution provided over the email is accurate. Feel free to revert to our correspondence for further issues. Please don’t provide your details as we consider them to be personal information. Our Twitter page is visible to public. ^YP,complaint_negative_other,complaint_negative_other,0.85,complaint_negative_other,True,"The customer is explicitly angry, confrontational, and accusing the company of wrongdoing, which requires human de-escalation rather than an automated response."
g0043,2302024,Hi I cancelled my kindle magazine but have paid till 31st Oct and its stopped already. Am I due a refund?,"With Twitter, we have no access to account info but we're here for you! Please, reach out here: ^JE",refund_return_cancellation,refund_return_cancellation,0.95,refund_return_cancellation,False,The customer is asking a straightforward question about subscription cancellation and refunds that can be handled automatically with standard policy information.
g0044,1589427,No the refund to my debit card failed so I was asked to provide bank informaiton for a bank transfer refund.,Thank you for clarifying. Have you had a chance to reach us for next steps here: ^DW,refund_return_cancellation,refund_return_cancellation,0.95,refund_return_cancellation,True,"This request involves sensitive financial transactions and collecting bank information, which carries security risks and requires human oversight."
g0045,364690,I picked ups pick up return option because it said I didn’t need a printer. Next page opens up and it says print label? 🤷‍♂️,"No worries, the carrier will bring their own label if they're coming to do a pick up. ^NC",refund_return_cancellation,refund_return_cancellation,0.95,app_website_technical,False,This is a straightforward technical confusion about return instructions that can be safely handled by an automated assistant clarifying the printerless return process.
g0046,726329,Thanks for the speedy help! All fixed and replacement ordered! Phew! 💕,Glad to hear John. Happy it's sorted. ☺️ ^PK,compliment_positive_feedback,compliment_positive_feedback,0.98,compliment_positive_feedback,False,The customer is simply expressing positive feedback and gratitude with no need for further assistance or human intervention.
g0047,669780,"Since it was gifted mobile, it crossed 12 days to reach the concern person, once opened it was known as defective product",Apologies for the trouble with the product you've received. Kindly reach out to our support team through the link provided earlier and we'll have this looked into right away. Do keep us posted. ^EM,product_quality_defect,product_quality_defect,0.95,product_quality_defect,True,"The customer is reporting a defective product received after a delayed shipment, which involves potential replacement or refund considerations requiring human handling."
g0048,714763,I want my money back,I understand your frustration. Please contact us here via phone or chat so we can look into this: ^GG,refund_return_cancellation,refund_return_cancellation,0.95,refund_return_cancellation,True,"The request involves money and a refund, which requires financial processing and human oversight to ensure proper handling."
g0049,363363,No. Works fine accessing website via safari on iPhone.,"Thank you for bringing to our attention, we'll report this to the applicable team! ^NC",app_website_technical,app_website_technical,0.85,app_website_technical,False,"The customer is simply providing confirmation that a technical feature works fine on their device, which is a straightforward update that does not require human intervention."
g0050,2694955,Your “feedback” link also wont let me leave feedback on an order,"Hey Max! I am so sorry to hear about the negative experience. Just to clarify, have you contacted the seller directly? ^DY",app_website_technical,app_website_technical,0.95,app_website_technical,False,"This is a straightforward technical issue regarding a broken feedback link on the website, which can be safely handled by standard troubleshooting steps or an automated response."
g0051,1387740,"As usual nothing came of it , no call backs or communication even after 9 hours of form filling . The repayment url would be closed by then.","I understand that this is taking little longer than expected, Abhishek. However, our team will check this and get back 1/2 ^NK",billing_payment_issue,billing_payment_issue,0.9,complaint_negative_other,True,"The customer is visibly frustrated by a lack of communication and an impending deadline regarding a repayment URL, which requires human de-escalation rather than an automated response."
g0052,2379706,"wha is your SLA for added money showing in amazon pay balance, its over 1 hr after payment processed, money still not showing.","That's strange, Vijay. Please get in touch with our support team using this link: and we'll assist you further. ^NK",billing_payment_issue,billing_payment_issue,0.95,billing_payment_issue,True,"The customer is inquiring about missing funds and a specific financial SLA, which involves money and requires careful verification rather than an automated response."
g0053,1820557,Not able to retrieve the password. Would be kind of u to respond in medsage box,We'll not be able to do so. Kindly connect with our specialist team here: and we'll 1/2 ^SH,account_security,account_security,0.95,account_security,True,Password retrieval requests directly involve account security and require authenticated human assistance rather than automated public replies.
g0054,5803,#HappyHalloween2017 from your biggest fan. Thank you for creating #efficient and #healthy households nationwide!,"Thank YOU, Alisondra, for being one of our amazing customers! ^BE",compliment_positive_feedback,compliment_positive_feedback,0.95,compliment_positive_feedback,False,"This is a positive compliment with no risk, complaints, or complex requests, making it completely safe for an automated reply."
g0055,1266453,"There were 3 seperate charges... £6.99, and 2 £1 charges.",Thanks for the information! We'd like to have this looked into. Pls reach out to us by phone or chat: ^KJ,billing_payment_issue,billing_payment_issue,0.95,billing_payment_issue,True,"The customer is reporting unauthorized or unexpected charges, which involves financial matters and account security requiring human intervention."
g0056,1132127,I don't think it's anything nefarious but I get constant order and shipping confirmations for things I didn't buy which is super annoying,Gotcha! Reach out to us again here: and we can look into this further with you. ^TK,order_status_delivery,account_security,0.8,complaint_negative_other,True,"Although the customer is not angry, the situation involves potential account security risks or system anomalies regarding unauthorized order confirmations that require human investigation."
g0057,1739087,How do I do that ?,At the bottom of the followup email you'll be presented with an optional survey. From here you can send feedback. ^TM,unmatched,general_inquiry,0.85,general_inquiry,True,"The customer message is too ambiguous because it lacks context about what 'that' refers to, making a safe automated response impossible."
g0058,2111113,"it´s a bit strange that won´t support chromecast on their app, not being able to Watch things on my tv kind of sucks","smart TVs from Samsung, Sony, and LG. We don't have any announcement for other living room devices, but stay tuned. (2/2)^BS",complaint_negative_other,app_website_technical,0.95,app_website_technical,False,"The customer is expressing a standard feature limitation regarding Chromecast rather than an angry threat, urgent safety concern, or financial issue, making it suitable for a templated automated response explaining compatibility."
g0059,765829,no option to do so,I'm sorry for the continued troubles. Will you please check here to verify that your LG television is compatible and let us know: ^SE,unmatched,app_website_technical,0.85,app_website_technical,True,"The customer message lacks context regarding what option is missing, making it too ambiguous for a safe automated reply without risking further frustration."
g0060,551951,I cant wait to install this windshield wiper i got from the box (which was 6 x 6 x 4 feet) was fine but the wiper was folded in half inside 😑.,"Oh no! I'm sorry your windshield wiper arrived in this condition, Kyle! When you have a moment, please take a look here for refund or replacement options: Let us know if you need any further assistance. ^SM",unmatched,product_quality_defect,0.95,product_quality_defect,True,"The customer is expressing sarcasm and frustration about receiving a damaged product folded in half, which requires a human agent to handle for proper de-escalation and a satisfactory resolution."
g0061,3655,"just noticed I paid £4.95 delivery on Amazon simply because I did not select the FREE delivery option, after I spent enough to qualify... what a RIP OFF, why is it not free automatically when qualifying",Sorry to hear this. Did you select Free delivery at the checkout? ^PK,order_status_delivery,billing_payment_issue,0.95,billing_payment_issue,True,The customer is expressing significant frustration about shipping charges and requires a human touch to de-escalate the situation and potentially issue a goodwill refund.
g0062,2744185,dear team below i mentioned my order could u please sent me till 23-11-2017. its request to amazon team(india) thanks.,"Please don't provide your details, we consider it personal information. Our Twitter page is visible to public. 2/2 ^MK",compliment_positive_feedback,order_status_delivery,0.95,order_status_delivery,False,"The customer is simply requesting a specific delivery date for their order, which can be safely handled by an automated system checking shipping status."
g0063,2147938,Why there are no viewing rights for Suits Season 6 episode 10 onwards ???,"Unfortunately, these episodes/ this episode is no longer available. We’re constantly adding new content to our 1/2 ^EM",unmatched,general_inquiry,0.95,app_website_technical,False,This is a standard content availability inquiry that can be safely addressed by an automated system providing streaming rights information.
g0064,2317087,ordered one single headband for a halloween costume and got this ridiculous amount of packaging??? why????,Thanks for sharing this with us! We're always looking for ways to improve. Please help us here: ^KJ,complaint_negative_other,complaint_negative_other,0.95,complaint_negative_other,False,"The customer is expressing frustration about excessive packaging rather than making a legal, financial, or safety threat, making it suitable for an automated empathetic sustainability response."
g0065,609418,Thanks. First time error. Apologies,"We'd like to help, could you please confirm if your issue is been addressed? If not, kindly fill in your details here: We'll look into this for you. ^RB",app_website_technical,compliment_positive_feedback,0.8,compliment_positive_feedback,False,"The customer message is a brief, positive closing statement acknowledging a resolved issue, making it completely safe for an automated response or no reply at all."
g0066,2290298,"I wanted to buy a prestige juicer from your site, done online payment twice but I don't know how it is cancelled.","I'm sorry about the canceled order, an email will be sent to your registered email account with cancellation reasons, kindly check &amp; keep us posted. ^MJ",refund_return_cancellation,billing_payment_issue,0.95,billing_payment_issue,True,"The customer is reporting a double online payment issue involving cancelled orders, which directly relates to money and billing and requires human intervention to resolve safely."
g0067,1260151,No - if I try to review it only has the stars but the review box doesn't appear at all. I know that other bloggers are having same issue.,Has the order been confirmed as received? ^MC,unmatched,app_website_technical,0.95,app_website_technical,False,"The customer is describing a straightforward technical bug regarding a review box not appearing, which can be safely handled by an automated troubleshooting response."
g0068,25927,reg. Ord 404-7091504-9405917. You should have alerted me regarding the deduction to my Amazon Pay Balance before doing so. #sucks,I'm sorry but I couldn't follow. Could you please elaborate on your concern? ^HA,complaint_negative_other,billing_payment_issue,0.95,billing_payment_issue,True,The customer is expressing clear frustration regarding a financial deduction from their Amazon Pay balance and requires human de-escalation.
g0069,1307848,Please response as soon as possible or else I need to esc to higher level for such fraud to customers,Please fill in your details using the link: and I'll get in touch with you soon. ^AK (2/2),account_security,complaint_negative_other,0.85,complaint_negative_other,True,"The customer is making a direct legal or executive escalation threat and accusing the company of fraud, which requires human de-escalation."
g0070,1030410,"I had made jio recharge few days back with , I am waiting for cashback from there.",Please report this to our support team here: and we'll look into this. 2/2 ^HD,billing_payment_issue,billing_payment_issue,0.85,billing_payment_issue,False,This is a standard billing and payment inquiry regarding a cashback delay that can be safely handled by an automated system.
g0071,523433,"You can deliver my $10 cat food on time, but lose my $2400 lens? What gives?","I'm so sorry for the frustration! Have you had the chance to reach out to us to check on refund/replacement options? If not, please do so via phone/chat here: ^TN",order_status_delivery,order_status_delivery,0.95,order_status_delivery,True,"The customer is reporting a missing high-value item worth $2,400, which involves significant financial risk and customer distress requiring human intervention."
g0072,838325,I had bought it under festive offer. So it means u just show d lolipop of offer price.,Appreciate your understanding. Please place a new order.(2/2)^HR,billing_payment_issue,billing_payment_issue,0.9,billing_payment_issue,True,"The customer is frustrated about a promotional pricing issue, which involves billing concerns and requires empathetic human de-escalation rather than an automated response."
g0073,326298,406-5251809-1751532 why charges for amazon pantry when the order is above 1k,"Please don't provide your order details, we consider it personal information. Our Twitter page is public. [2/2] ^SK",billing_payment_issue,billing_payment_issue,1.0,billing_payment_issue,True,"The customer is inquiring about specific billing charges related to an Amazon Pantry order, which involves financial transactions and requires human review to ensure an accurate and policy-compliant explanation."
g0074,2532818,Not expected from you.. Priced at mrp320 but Recieved with mrp275. Look into this.,I get your concern. There may be cases where M.R.P. of the product delivered is different from the M.R.P. given on the ^MP 1/3,billing_payment_issue,billing_payment_issue,0.95,billing_payment_issue,True,"The customer is reporting a pricing discrepancy and potential overcharge, which involves financial issues and requires human review."
g0075,9784,", #fake I phone 7 received from amazon , India - order ID: amazon India has refused to replace pictures attach herewith.",We've emailed you in response to the details you shared earlier. Please reply on the same for further assistance. 1/2 ^MK,product_quality_defect,product_quality_defect,0.95,product_quality_defect,True,"The customer is reporting a counterfeit product and a refused replacement, which involves financial and trust risks requiring human intervention."
g0076,1129344,Your CS rep didn’t want to help transferred me to a department yhat had nothing to do with the order terrible CS,This is not the service we expect. Did you receive an email where you can leave feedback for the agent in question? ^TP,complaint_negative_other,complaint_negative_other,0.95,complaint_negative_other,True,"The customer is expressing explicit anger about poor service and misdirected transfers, which requires human de-escalation rather than a fully automated reply."
g0077,1067699,I have filled the form and I am available now.,"Thank you for sharing the details, we'd get back to you on this shortly. Appreciate your cooperation. ^BS",app_website_technical,app_website_technical,0.7,general_inquiry,False,"The customer is providing a straightforward status update with no financial, security, legal, safety, or high-anger concerns."
g0078,863847,Cant do it through twitter?,We don't have access to your account via Twitter. For the best and quickest solution please us the link ^GR provided. ^AC,unmatched,app_website_technical,0.85,general_inquiry,False,"The customer is asking a simple procedural question about using Twitter for support, which does not involve high-risk topics, strong anger, or legal threats and can be handled safely by an automated response."
g0079,1211666,"Is this your official site or fake ? ,",That's not legit. Thanks for bringing this to our notice. You can find genuine Amazon jobs here: ^RI,product_quality_defect,general_inquiry,0.95,general_inquiry,True,"The customer is asking for verification of site authenticity, which relates to account security and phishing concerns and requires careful human handling."
g0080,2569168,"Which details now you want me, I already provide you order ID, now what do you want from me my password?",please drop in your issue details here: so that we can help you out. 2/2 ^NK,account_security,account_security,0.95,account_security,True,"The customer is frustrated and explicitly asking about account security by mentioning their password, which requires human handling."
g0081,627847,"if I don't like Alexa, how long do I have to return the Echo?",I'm sorry to inform you that we do not accept remorse return for the product. ^HR,refund_return_cancellation,refund_return_cancellation,0.95,refund_return_cancellation,False,"The customer is asking a straightforward standard return policy question about an Echo device, which can be safely handled by an automated assistant."
g0082,1433618,charger 4 new handheld vacuum snapped while connected. Prised out metal bit but it's unusable. Can I get replacement charger?,"Oh my! We're here to help any way we can! Just to clarify, have you checked your options here: ^AL",billing_payment_issue,product_quality_defect,0.95,product_quality_defect,False,"The customer is reporting a standard product defect and asking for a replacement part, which can be safely handled through an automated warranty or return workflow without needing human intervention."
g0083,703832,Thanks for the info but this is only helpful if the listing actually states that it will come in it own box ... I can't see that anywhere on mine!,"To clarify, could you provide the specific Xbox purchased? We can look into it. ^SJ",compliment_positive_feedback,product_quality_defect,0.85,product_quality_defect,False,"The customer is providing feedback and asking a clarification question about a product listing without expressing anger, making legal threats, or involving sensitive account security or financial issues."
g0084,1307745,(odr id 408-85496488195533) received A cheque for refund bt name on cheque is totally wrong. #wrongnamementionedoncheque,The name on order will reflect on the cheque. Please report this to our support team here: ^HA,refund_return_cancellation,billing_payment_issue,0.95,billing_payment_issue,True,"The customer is reporting a critical financial error regarding an incorrect name on a refund check, which requires manual investigation and intervention."
g0085,2124935,. Your chat customer service is really amazing. Just had another fabulous interaction with your team &amp; I couldn't be happier. It's like talking to a real human w/ a personality. So refreshing. Thank you !,"I'm so glad to hear you had a great experience with us, Dana! Don't forget to leave feedback in the email survey. 😁 ^HC",compliment_positive_feedback,compliment_positive_feedback,1.0,compliment_positive_feedback,False,"This is a purely positive compliment where the customer expresses satisfaction, requiring no intervention, financial action, or de-escalation."
g0086,2619668,ordered for an RayBan RB2132 &amp; received a RB4165. Hw much more are u going 2 embarrass yourself &amp; turndown ur consumers?? &amp; Now I don’t find RB2132 in the same price range. Who pays for my time?,That's uncertain! Apologies for the inconvenience. We'd like to help you. May I know if you contacted our support team here: ^BS,billing_payment_issue,product_quality_defect,0.95,product_quality_defect,True,"The customer is extremely angry, experienced a fulfillment error involving a price discrepancy, and is demanding compensation for their time, requiring human intervention."
g0087,791047,Finally!!! Super Excited 💓 Thank You,Yayy! I can feel the air of excitement. Glad to hear about the delivery your favorite book. ^VN,compliment_positive_feedback,compliment_positive_feedback,1.0,compliment_positive_feedback,False,"This is a purely positive compliment expressing excitement and gratitude, which can be safely handled by an automated acknowledgement without human intervention."
g0088,2303038,your chat support is terrible,"I'm sorry for the difficulty! Without providing any account details, could you tell us what's going on? We're always here to help! ^MH",complaint_negative_other,complaint_negative_other,0.95,complaint_negative_other,True,The customer is expressing explicit dissatisfaction with support quality and requires human de-escalation rather than an automated reply.
g0089,290429,"is awesome. They made sure I got my order on time, despite saying it would be delayed. Maybe awesome customer service is the real reason they are killing retail.","I'm glad to hear you received your item on time, Bryan! Thank you so much for taking the time to let us know how we're doing! ^HC",compliment_positive_feedback,compliment_positive_feedback,0.98,compliment_positive_feedback,False,"This is a straightforward positive compliment with no safety, financial, legal, or de-escalation concerns, making it completely safe for an automated response."
g0090,895971,Shame failed to deliver my copy!!!!,So sorry to hear this! Can you confirm the latest order status? You can find that here: ^TH,order_status_delivery,order_status_delivery,0.95,order_status_delivery,True,"The customer is expressing strong frustration regarding a failed delivery, which requires human de-escalation rather than an automated response."
g0091,2616439,I was promised my refund on 7 Nov. but still I didn't get that. Fake promises are given everyday by Amazon customer support. Kindly look into this issue.,I'm sorry to hear that. We wouldn't be able to access your account on Twitter. Please reply to the email you received from our team for further assistance. ^BV,refund_return_cancellation,refund_return_cancellation,0.95,refund_return_cancellation,True,"The customer is frustrated, accusing the company of making fake promises, and demanding personal intervention regarding a delayed refund involving money."
g0092,1821548,please launch a payment app from #Amazon,I'll have your suggestion forwarded to our team internally. ^GK,billing_payment_issue,general_inquiry,0.9,app_website_technical,False,"The customer is asking a straightforward technical question about launching an application, which can be safely addressed with standard automated support guidance without involving money, security risks, or emotional de-escalation."
g0093,1306451,Where is my order?? Order ID: 405-8076322-2037166 #disapoinrment #amazonservice #amazonindia #amazonprime #fraud,"Please don't provide your order details, we consider it personal information. Our Twitter page is visible to public. (2/2) ^SV",account_security,order_status_delivery,1.0,order_status_delivery,True,"The customer is visibly angry and using aggressive hashtags including fraud, requiring human de-escalation rather than an automated response."
g0094,1860195,"This is 3rd time in same month, amazon did blunder with pathetic service with me. I will be running compaign against",I'm sorry for the inconvenience due to recent instances. Please let us know what went wrong so we 1/2 ^SH,complaint_negative_other,complaint_negative_other,0.95,complaint_negative_other,True,"The customer is expressing extreme anger and explicitly threatening to run a public campaign against Amazon, which requires human de-escalation rather than an automated reply."
g0095,1471710,"No. The CS rep asked me to cancel and reorder to get the game key, but after I canceled, it was no longer available. (PC digital download)",Please reach out to us by phone here: so we can look into sorting this out with you. ^AH,refund_return_cancellation,refund_return_cancellation,0.95,refund_return_cancellation,True,"The customer is frustrated due to bad advice from a prior CS representative regarding a digital order cancellation, requiring human intervention to resolve."
g0096,381735,this is very bad service from #amazon that i refund the item 20 days back but still i didn't get my money back... Disgusting...,I'm sorry about the delay. Kindly connect with us here: we'd like to help. ^SG,refund_return_cancellation,refund_return_cancellation,0.95,refund_return_cancellation,True,"The customer is expressing extreme frustration regarding an overdue financial refund, which requires human de-escalation and manual intervention."
g0097,1223288,"Hey team, Im not able to Order RedMi A4 32gb on Amazon , even though its available. There is error coming",Redmi 4a can be purchased only during sale. Kindly check for the next sale from here: ^VN,app_website_technical,app_website_technical,0.95,app_website_technical,False,"The customer is experiencing a standard technical error while trying to place an order, which can be safely handled by automated troubleshooting steps."
g0098,1710,where can I chat with a support member for a false charge,I'm sorry you've encountered an unknown charge! We'd be happy to look into this with you here: ^BL,billing_payment_issue,billing_payment_issue,0.95,billing_payment_issue,True,"The customer is inquiring about a false charge, which involves sensitive financial matters and requires human intervention to securely handle billing disputes."
g0099,486691,I haven’t received amazon pay cashback twice since September. I have also contacted customer care a number of times. Please look into the matter. Thank you.,"I’m sorry about this experience, Vikram. I'd like to closely look into this and get this investigated further. Please share your details here: and I'll get in touch with you. ^MK",compliment_positive_feedback,billing_payment_issue,0.95,billing_payment_issue,True,"The customer is reporting multiple unresolved financial discrepancies regarding Amazon Pay cashback over several months, which involves money and requires human investigation."
g0100,984226,My Pls Cal me on my Cell No you Customer Care is Not Connecting to Person,"To request a call, login to your account using the link here: &gt; Under 'Tell us more about (1/3) ^KA",unmatched,complaint_negative_other,0.85,complaint_negative_other,True,The customer is frustrated and explicitly demanding a callback from a human agent because they cannot reach support through automated channels.
g0101,2627658,why do I pay for prime if my packages aren't here in 2 days?? I've had one order lost and another order was ordered on 10/31 and showed up yesterday,Hello Michelle! Thanks for reaching out today. Did we miss the agreed upon date given at the time of checkout for the item ordered? For full details on how shipping &amp; delivery dates are calculated please see here: ^TM,order_status_delivery,order_status_delivery,0.95,order_status_delivery,True,"The customer is frustrated about missed Prime delivery guarantees and lost orders, requiring empathetic de-escalation rather than a standard automated response."
g0102,2418373,Thanks but no thanks,I get you're upset with us. As mentioned earlier you can use Amazon pay balance on 3rd party website (1/2) ^AS,compliment_positive_feedback,complaint_negative_other,0.6,general_inquiry,True,The message is too ambiguous to determine the context or appropriate automated response without human review.
g0103,2884853,Distraught over the legit worst customer service I’ve ever received from a company tonight.. EVER! I truly expected better of you.. especially after the thousands $ I’ve thrown your way. Time to shop elsewhere. #Boycott #Amazon,"I am very sorry to hear this. Can I ask, can you please explain the issue without giving sensitive account info so we can assist you further.^GA",complaint_negative_other,complaint_negative_other,0.95,complaint_negative_other,True,"The customer is extremely angry, threatening to take their business elsewhere, and posting publicly with a boycott hashtag, which requires human de-escalation rather than an automated response."
g0104,1959497,"I bought fake product in , but it was charged real product price. It was a doll to my daughter. Hope it’s not toxic.","Hi, was the order fulfilled by Amazon or a 3rd Party Seller? What Amazon website did you use to place the order? ^JJ",billing_payment_issue,product_quality_defect,0.95,product_quality_defect,True,The customer received a counterfeit product and expressed serious safety concerns regarding a children's toy potentially being toxic.
g0105,1010416,I requested a refund on a prime order that has not arrived a week later. Does this mean the package goes back to you?,Have you asked that the whole order be returned to us? ^BM,order_status_delivery,refund_return_cancellation,0.95,order_status_delivery,False,"The customer is asking a straightforward informational question about the standard return and delivery process for a delayed order, which can be safely handled by an automated system."
g0106,419608,"Second instance I was sent a fake product, same Seller UBSPD - Wheels Behind the Veil - Pms, Cms and Beyond Sold by UBSPD",Have you reported it to the support team here: (2/2)^HR,product_quality_defect,product_quality_defect,0.95,product_quality_defect,True,"The customer is reporting receiving counterfeit items twice from the same specific seller, which requires human intervention to address potential fraud, investigate the seller, and ensure appropriate resolution regarding money and product authenticity."
g0107,995480,Yes I get the message: There was a problem your password is incorrect I have made sure I'm entering it in correctly tried resetting 4 times,"Other than the password reset e-mails, have we sent any communication to you about your account? ^TR",account_security,account_security,0.95,account_security,True,"The issue involves account security and repeated password reset failures, which require human intervention to resolve safely."
g0108,792731,dear Amazon I bought 3 books on 22 September but Amazon did not deliver my book.,Could you please confirm if we've missed the estimated delivery date? ^OS,order_status_delivery,order_status_delivery,0.98,order_status_delivery,False,"The customer is inquiring about a standard delivery status for undelivered books, which can be safely handled by an automated tracking system without requiring human intervention."
g0109,1572242,A product can't be sold for more than the printed MRP according to govt regulations. It's that simple.,The MRP may vary due to several factors as mentioned in the link provided earlier. Please contact us (1/2) ^MO,billing_payment_issue,billing_payment_issue,0.85,billing_payment_issue,True,This message raises legal and regulatory compliance concerns regarding pricing that require human review rather than an automated response.
g0110,2544881,Hey what’s the error here? How do I solve for it? Seems like a weird node loop,"I'm sorry for the Amazon Music issues! So we can best assist, what device are you using to access Amazon Music? ^WT",app_website_technical,app_website_technical,0.95,app_website_technical,False,"The customer is asking a straightforward technical question about an error and a node loop, which can be safely addressed by automated troubleshooting resources without involving money, security risks, or high-level emotional distress."
g0111,2449698,It does not look like anything is broken however I did not receive the inside packing list,You can view the order details using the link below. Let us know if anything was missing/damaged: ^MJ,product_quality_defect,product_quality_defect,0.85,product_quality_defect,False,"The customer is simply missing a packing list without expressing anger, safety concerns, or complex issues, making it safe for automated handling."
g0112,17672,Hey wth does this mean? How can the iOS app on the phone be offline? #AmazonEcho,I'm sorry about the error you're seeing! Please try uninstalling and reinstalling the app. Let us know how it goes. ^JP,app_website_technical,app_website_technical,0.95,app_website_technical,False,"The customer is asking a common technical support question about an iOS app status and does not exhibit high risk, legal threats, or extreme anger requiring human intervention."
g0113,809469,why is none of your air purifiers with HEPA can be shipped to addresses in California? Your Customer Service offers no solutions,Some states have restrictions that prevent us from shipping certain products. Learn more here: ^ZW,order_status_delivery,general_inquiry,0.85,complaint_negative_other,True,"The customer is expressing frustration about a regional shipping restriction and unhelpful prior support, requiring human de-escalation and specific regulatory knowledge regarding California air purifier standards."
g0114,2880474,is discriminating in exchange prices for one plus 5 and one plus 5T. One plus 5 gives us 5700 and one plus 5T 2700. How is that determined? Shouldn't that be same? maybe you can follow up with the right people and offer same?,"I understand your concern regarding the exchange offer. However, the Exchange Offer program is dependent on our exchange partners and hence is dynamic. The offer being provided on the product is the best at this point of time. ^AP",billing_payment_issue,general_inquiry,0.85,complaint_negative_other,True,"The customer is expressing dissatisfaction and demanding a policy explanation and price match regarding trade-in values, which requires human judgment rather than a standard automated response."
g0115,18679,Amazon truck damaged my lawn my lawn .Love Amazon . So sad no one called me back today as promised! Why?,Please send us your details here: so we can look into this for you. ^LI,product_quality_defect,complaint_negative_other,0.9,complaint_negative_other,True,"The customer is complaining about physical property damage caused by an Amazon truck and broken promises of a callback, which requires human intervention rather than an automated response."
g0116,627831,can I buy this product .. as the link redirects 2 app with felix brand and I am looking for Fitbit...da one I googled :... :-(,"Which Amazon site will you be using? (.com, .co.uk, .de, .in, .ca) ^GP",app_website_technical,app_website_technical,0.9,app_website_technical,False,"The customer is experiencing a minor technical confusion with a product link redirection and does not present safety, financial, or legal risks requiring human intervention."
g0117,205092,Seriously nearly lost the will to live. Can sign into Amazon account but not Kindle. Why??!!,I'm sorry for the sign in trouble! Are you getting an error message? Have you tried restarting your device? ^GL,account_security,account_security,0.9,account_security,True,"The customer is expressing extreme frustration and heightened emotional distress regarding account access, requiring human empathy and de-escalation."
g0118,2544962,I’m still having problems. Just had someone send a link to close an account with aroudn 400 books instead of the account with no purchases. Is there anyone competent there?,What Amazon site did you purchase the books from? Was it or,app_website_technical,account_security,0.95,account_security,True,"The customer is expressing frustration about a potential account security issue involving malicious links and the wrong account closure, which requires immediate human de-escalation and intervention."
g0119,2318345,Done so many times. did again just now. Amazon is worst service provider on earth now.,Thanks for the heads up. We will get back to you at the earliest possible. ^JS,complaint_negative_other,ERROR: RetryError[<Future at 0x1377fa470 state=finished raised ClientError>],,complaint_negative_other,True,"The customer is expressing extreme frustration and dissatisfaction, which requires human empathy and de-escalation rather than an automated response."
g0120,1498595,your delivery has become pathetic and full of false promises.,Looks like you had an unpleasant experience. Please contact us here: so that we can assist you. ^JS,order_status_delivery,ERROR: RetryError[<Future at 0x13766f050 state=finished raised ClientError>],,order_status_delivery,True,The customer is explicitly frustrated with delivery issues and requires human de-escalation rather than an automated response.
g0121,476082,"No this was all organized by the business ""customer service"" team at #Amazon. Who should've requested collection.","Apologies, have you emailed agent you spoke to in order to inquire about a collection? ^JJ",unmatched,ERROR: RetryError[<Future at 0x1379283d0 state=finished raised ClientError>],,order_status_delivery,True,"The customer is disputing a collection issue directly involving Amazon's internal customer service team, requiring human review to resolve the operational error."
g0122,384433,Didn’t receive today. Thank you for spoiling my sis birthday. It’s more than 24 hrs with no update. Pathetic,We're sorry things didn't work out as planned. We're working on your issue and we'll get in touch with an update soon. ^SQ,compliment_positive_feedback,ERROR: RetryError[<Future at 0x1379513d0 state=finished raised ClientError>],,order_status_delivery,True,"The customer is extremely angry, emotionally upset about a ruined birthday, and demanding immediate resolution for a delayed delivery, requiring human empathy and de-escalation rather than an automated response."
g0123,1249949,That is ur good luck that u got satisfaction from ...i hv the list of complaints with the fake promises...,"I understand that you had an unpleasant experience. If there's any issue of your account / order that went unaddressed, (1/2)^SC",product_quality_defect,ERROR: RetryError[<Future at 0x137952750 state=finished raised ClientError>],,complaint_negative_other,True,"The customer is expressing explicit dissatisfaction with multiple unresolved complaints and fake promises, which requires human de-escalation rather than an automated response."
g0124,823164,would i need to use my friends email address to sign in or can i use my own but provide details of the account in question,You can use your own details to reach out to us. ^RS,account_security,ERROR: RetryError[<Future at 0x13792a850 state=finished raised ClientError>],,general_inquiry,False,This is a standard account access and login clarification question that can be safely addressed with automated documentation.
g0125,969322,"customer service is shit. They cuts the call snd also don't register complaints, i got an earphone instead of a pendrive delivered",I'm sorry for the experience you had with our support team. Kindly share your details in the link mentioned 1/2 ^GK,order_status_delivery,ERROR: RetryError[<Future at 0x13796cbd0 state=finished raised ClientError>],,product_quality_defect,True,"The customer is explicitly angry, used profane language, experienced a wrong-item delivery, and complained about poor service, requiring human intervention and de-escalation."
g0126,1693607,Hey don't make fake promises today is 8th November still results were not declared shame on this type of lathergic services by Amazon India and promotion team,There has been a stretch on this and we understand that. We shall be working it out at the earliest. ^CB,product_quality_defect,ERROR: RetryError[<Future at 0x137928fd0 state=finished raised ClientError>],,complaint_negative_other,True,"The customer is expressing explicit anger and accusing the company of making fake promises, requiring human de-escalation rather than an automated reply."
g0127,285044,Filled the form half an hour ago. No reply Never gonna buy anything from in future and encourage others to do the same.,Thank you for sharing your details. We've received them and we'll get in touch with you at the earliest. ^AU,app_website_technical,ERROR: RetryError[<Future at 0x1378ec350 state=finished raised ClientError>],,complaint_negative_other,True,"The customer is clearly angry, expressing frustration over a delayed response, and threatening to stop purchasing and discourage others, which requires human de-escalation."
g0128,737149,Not received any update .,If you've filled in your details through the link provided earlier. I'm sure our team would reach out to you soon. ^VM,unmatched,ERROR: RetryError[<Future at 0x1379112d0 state=finished raised ClientError>],,order_status_delivery,False,This is a standard order status inquiry that can be safely handled by an automated system providing the latest tracking update.
g0129,2783117,Trying to find a place to download Net Galley books when my Kindle app isn't working is incredibly frustrating,"Hey, Taylor! Sorry to hear your Kindle app isn't working. Have you tried uninstalling then reinstalling the app to see if that solves the problem? ^RB",app_website_technical,ERROR: RetryError[<Future at 0x13796c550 state=finished raised ClientError>],,app_website_technical,True,The customer is expressing high frustration with technical issues and requires a empathetic human touch rather than a standard automated response.
g0130,1648050,order id 404-1020336-9377910. 2 days 2 msgs rgrdng not be able to contact. Customer care can't help except lying. Way to go,don’t provide your order details as we consider them to be personal information. Our page is visible to public. ^PB (2/2),unmatched,ERROR: RetryError[<Future at 0x137951bd0 state=finished raised ClientError>],,complaint_negative_other,True,"The customer is visibly angry, accusing previous support agents of lying, and requires human de-escalation rather than an automated response."
g0131,2346293,No. And it seems that the tv I tried to buy over a week ago went up in price for your ‘black Friday’ sae,Sorry to hear this. Please reach out to us here: (No login required) and we can look into this. ^PK,billing_payment_issue,ERROR: RetryError[<Future at 0x1378efe50 state=finished raised ClientError>],,billing_payment_issue,True,"The customer is expressing frustration about a price increase during a sale event, which requires empathetic human de-escalation rather than an automated response."
g0132,1727212,I received it. Thanks,Glad to hear! Thanks for letting us know! ^AT,compliment_positive_feedback,ERROR: RetryError[<Future at 0x11724bcd0 state=finished raised ClientError>],,compliment_positive_feedback,False,"This is a simple positive acknowledgement that requires no financial action, de-escalation, or further support."
g0133,1606320,"for single order October 13,2017 ,4__credit_card__ bifurcated in 5 shipments and billed five shipments. Please reverse unjustified",I'm sorry for the experience. Kindly connect with us here: We'll sort it out right away. 1/2 ^OS,billing_payment_issue,ERROR: RetryError[<Future at 0x1378ef950 state=finished raised ClientError>],,billing_payment_issue,True,"The customer is disputing specific billing charges and requesting a financial reversal, which requires human review of financial transactions and cannot be safely handled by automated systems."
g0134,1451503,Just sent an email. Thank you!,You're welcome! Please let us know if there's anything else we can assist you with from here. ^HC,compliment_positive_feedback,ERROR: RetryError[<Future at 0x13796d6d0 state=finished raised ClientError>],,compliment_positive_feedback,False,"This is a simple positive acknowledgment and compliment that carries no risk, financial, or security concerns, making it completely safe for automated handling."
g0135,577717,"will not address why they lied 3 times to me plus why their courier does not follow their guidelines on 2nd delivery attempt, then they said we have contacted them they will delivery Friday, waited in and guess what NO DELIVERY 2/2",Sorry to hear that. Can I ask which Amazon site you placed your orders on (.com / .co.uk / .es / etc)?^TI,order_status_delivery,ERROR: RetryError[<Future at 0x1378efed0 state=finished raised ClientError>],,order_status_delivery,True,"The customer is explicitly angry about repeated lies and failed delivery attempts, requiring human empathy and de-escalation rather than an automated reply."
g0136,631711,Why is part of my app in Spanish?,I'm sorry for the trouble. Have you checked the language settings within the app? ^CO,app_website_technical,ERROR: RetryError[<Future at 0x13796e3d0 state=finished raised ClientError>],,app_website_technical,False,This is a straightforward technical inquiry about app language settings that can be safely handled with standard troubleshooting steps by an automated system.
g0137,1777517,Tried so hard for so long to get a prime account activated but your website just wouldn't let me. Why don't you want my money? What gives?,Can I ask what site you were trying to set this up on and what error message you were getting? ^KI,app_website_technical,ERROR: RetryError[<Future at 0x137928c50 state=finished raised ClientError>],,app_website_technical,True,"The customer is frustrated about a technical failure preventing them from spending money on a Prime account, requiring a human touch to de-escalate and resolve the issue."
g0138,1271556,can you send me a link to cancel my free trial?,You're able to cancel the membership with us here: ^KP,refund_return_cancellation,ERROR: RetryError[<Future at 0x13792b950 state=finished raised ClientError>],,refund_return_cancellation,False,"The request is a straightforward operational question about finding a cancellation link, which can be safely handled by an automated system."
g0139,311067,I guess you didn't get it right. I wanted to show you the MRP written on the product label and the MRP mentioned on your page.,"Sorry about that, thanks for flagging this. I'll forward it internally for review. ^PS",billing_payment_issue,,,product_quality_defect,True,"The customer is expressing dissatisfaction with a discrepancy between the product label and website, indicating a potential pricing or listing issue that requires human review."
g0140,2379881,"Yo did you break the Kindle app for WinPhone? It suddenly wants me to log in, except it rejects the password that works everywhere else, and the web reader on a phone is totally awful.",I'm sorry to hear you can't log into the Kindle App for your Windows Phone. What version do you have? Have you tried updating the software? You can download it here: ^SY,account_security,,,app_website_technical,False,This is a standard technical issue regarding app login failures that can be safely handled with automated troubleshooting steps for the Kindle app.
g0141,2539621,I need one plus charger cable original make. Is it available in Amazon ?,"Hi Deepak, here you go: ^SG",billing_payment_issue,,,general_inquiry,False,The customer is making a straightforward product availability inquiry that can be safely handled by an automated system.
g0142,1031591,"nothing yet!are you going to refund my money? don't send me a link...refund by EOD, I am going to write this to Mr. Thota","As this is a social media platform, we can't view your order details. Have you (1/2)^HR",refund_return_cancellation,,,refund_return_cancellation,True,"The customer is demanding a financial refund by the end of the day, refusing links, and issuing an implicit legal or executive threat, which requires human de-escalation."
g0143,2384128,"Thank you, but feels futile; as there'll be no happy out come from filling out a contact us form for a concert that has now sold out.",Apologizes for any disappointment caused Peter. ^NV,app_website_technical,,,complaint_negative_other,True,"The customer is expressing frustration and hopelessness regarding a sold-out concert, which requires empathetic human de-escalation rather than a standard automated response."
g0144,869869,Here The ScreenShot Of My 399 Recharge On My Jio Number,"We'd like to get this checked and help, kindly connect with us here: 1/2 ^MA",billing_payment_issue,,,billing_payment_issue,True,The message involves a financial transaction and payment proof requiring human verification.
g0145,2337556,"Phone number provided to website isn't working right now, so I cannot connect to the courier facility. Any help?",I'm sorry for the trouble. Please connect with our support team here: for further assistance. ^RW,app_website_technical,,,app_website_technical,False,"The customer is reporting a technical issue with a phone number and seeking help, which is straightforward and safe for an automated support agent to handle."
g0146,1657352,Thank you for embarrassing me by wrapping a gift with damaged paper. 1/n,I'm so sorry about that. Please go to Your Account or to submit packaging feedback. (1/2) ^VM,product_quality_defect,,,product_quality_defect,True,"The customer is expressing visible anger over a quality defect and public embarrassment, requiring human de-escalation rather than an automated response."
g0147,2084540,Yeah I always receive my order because i have to guide them step.by step. Please.add an option to share my location on map so your delivery person can locate it easily saving everyone's time and cost.,"our logistics to ensure best customer experience, I'll pass on this feedback and we'll work on it. (2/2)^SU",order_status_delivery,,,app_website_technical,False,"The customer is providing constructive feedback and a feature request for map location sharing, which can be safely acknowledged by an automated system without requiring human intervention."
g0148,278727,No that's really pathetic amazon.,"We apologize for the bad experience, please contact us here and we'll have a closer look. ^RD",complaint_negative_other,,,complaint_negative_other,True,"The customer is expressing explicit frustration and calling the service pathetic, which requires human de-escalation rather than an automated response."
g0149,1717555,Every time I click on a song it plays a different one! Why is this happening?!,I'm sorry this is happening! We'd love to troubleshoot this with you. Please reach us directly here: ^AY,unmatched,,,app_website_technical,False,This is a standard technical issue regarding app playback behavior that can be safely addressed with automated troubleshooting steps.
g0150,1073273,Thanks for the freakishly prompt assistance. It seemed as if I was talking to some real person on customer care. :),"Keep us posted for any further concerns, we'll be glad to help you. ^SQ",compliment_positive_feedback,,,compliment_positive_feedback,False,This is a positive compliment from a satisfied customer and does not require human intervention.
g0151,285635,: There is no use of using lighting deal. No one should feel happy that they got deal because there is no lighting deal all fake.,Pricing and offers are decision of the sellers. The constantly changing marketplace (1/2) ^CB,product_quality_defect,,,complaint_negative_other,True,"The customer is expressing strong frustration regarding alleged fake promotions, requiring empathetic human intervention to address the complaint rather than a standard automated response."
g0152,2398919,My account has been hacked and password changed without consent,Very sorry to hear this. Please use this link to reach out to us directly: ^CR,account_security,,,account_security,True,Account security incidents and unauthorized access require immediate human intervention to verify identity and secure the account safely.
g0153,1177151,your cust.service just implied that my missing items are my fault for living somewhere unsafe. Poor people dont deserve to get mail?,"That's certainly not the experience we want for our customers. To escalate this, please fill out: ^BE",product_quality_defect,,,complaint_negative_other,True,"The customer is extremely upset, accusing customer service of classism and victim-blaming regarding missing mail, which requires careful human de-escalation."
g0154,2875643,??,"Although, the offer is available on our website, the messages you've received are not from Amazon.in. ^AP",unmatched,,,spam_unrelated,True,"The message is completely ambiguous and lacks context, making it unsafe for automated handling without risking a misunderstanding."
g0155,2295511,how do I get rid of my account and cancel prime and get my money back since it has now been 1 week with zero help on getting my account back?,I'm sorry for the trouble! You can find information on how cancel your prime membership here: ^LR,refund_return_cancellation,,,refund_return_cancellation,True,"The customer is asking for account cancellation, a refund, and expressing frustration over lack of help, which requires human de-escalation and financial handling."
g0156,2900966,Sent the details to above link. Representative never agreed to amazon's mistake which is not expected from brand like amazon. I hope your team will help me to get the product at the previously discounted ordered price.,"Thanks for the confirmation, Hitesh. I understand it was disappointing. Allow us to look into this for you and we'll soon reach out to you with an update. Request you to wait. ^NK",billing_payment_issue,,,billing_payment_issue,True,"The customer is expressing frustration over a pricing dispute and explicitly requesting intervention to honor a discounted price, which involves financial stakes and requires human de-escalation."
g0157,742496,It just says it should be delivered between the 11th or 12th,Thanks for the info! Packages have until 2100 to be delivered on the given delivery date. Keep us posted! ^VB,order_status_delivery,,,order_status_delivery,False,This is a standard order status and delivery inquiry that an automated AI agent can easily handle with tracking information.
g0158,2132835,"They basically said ""Well, that really sucks, but you'll get it in the next couple of days."" The only reason I ordered from Amazon was to get the stuff ASAP with no hassle; if I knew it was going to be an ordeal I would've just gotten what I ordered locally.",I understand your frustration with this! What date was given in the confirmation e-mail? ^HS,complaint_negative_other,,,order_status_delivery,True,"The customer is expressing clear frustration with poor previous support and delayed delivery, requiring human de-escalation rather than an automated response."
g0159,1886043,Looks like the mobile version would not cancel my order. I loaded a desktop view and that worked just fine. I tried the mobile a few times,Have you tried uninstalling and reinstalling your app? ^AC,refund_return_cancellation,,,app_website_technical,False,The customer is simply sharing feedback about a resolved mobile app issue without expressing anger or requesting further action.
g0160,419843,#4__credit_card__ after several calls and confirmation mails from cust care represent order has been cancelled 1/2,"Please don't provide your order details, as we consider it to be personal information. Our Twitter page is public.​ ^RW",refund_return_cancellation,,,refund_return_cancellation,True,"The customer is inquiring about a credit card refund and order cancellation after multiple conflicting communications, which involves financial transactions and requires human verification."
g0161,330165,"I am on my PC, when I get that error. Is there a way to make it so I can login through the Website with the teen account?","From the error message, it appears you must be using the shopping app to login under that account. ^JE",account_security,,,general_inquiry,False,The customer is asking a straightforward technical question about account functionality which can be addressed safely by an automated support agent.
g0162,422314,Does amazon prefer fake review ? why my genuine review has been not published ?,We welcome all reviews on our website as long as they abide to the guidelines here: Kindly 1/2 ^AB,product_quality_defect,,,complaint_negative_other,True,"The customer is expressing frustration and making a serious allegation about fake reviews, which requires a careful, human response to manage brand reputation and address their specific account issue."
g0163,1384110,please fix my Prime Membership trial. I agreed to try but canceled my order &amp; claimed I’d used my Prime trial. 3 months customer Service didn’t help. Finally said I’d receive e-mail to reinstate Prime Mem Trial but nothing. PM me for my acct info please,I'm sorry for the trouble! We don't have access to your Amazon account information over Twitter. We'd like another opportunity to find a solution; please reach out to us by phone here: ^LJ,refund_return_cancellation,,,billing_payment_issue,True,The customer is dealing with an unresolved billing and membership trial issue spanning three months that requires human intervention and account access.
g0164,1278045,How do you mark a package delivered to the front door of a business and never deliver! Unable to re fullfill order also! SuperBS,"I'm sorry you didn't receive the order. Have you contacted us? If so, did we offer a refund or mention carrier feedback? ^RA",order_status_delivery,,,order_status_delivery,True,The customer is extremely angry about a non-delivery issue and requires empathetic human de-escalation rather than an automated response.
g0165,2726777,delivery to be done by 11:00 am today is yet to be delivered and surprisingly no updates as well,Apologies for the trouble with the delivery of the order. We'd like to help. Kindly report this to our support team here: ^AK,order_status_delivery,,,order_status_delivery,False,This is a standard order status and delivery inquiry that can be safely and efficiently handled by the automated AI agent using tracking data.
g0166,2418745,Struggling to oder OnePlus5 128GB as exchange option is not showing up. Couple hrs back it was there. Exchange offer is mentioned in Special Offers section. Kindly suggest.,"I'm sorry to know you're facing issues with checkout, Pankaj. Please share your postal code with us. We'll help you further. ^SV",unmatched,,,app_website_technical,False,"The customer is experiencing a technical issue with an exchange option disappearing, which can be safely addressed by a standard automated troubleshooting response regarding promotional offers and cart functions."
g0167,1484085,why in God's name do I keep having to sign in on Fire TV Stick?! I just want to stay logged in permanently,We'd like to help! Please try these troubleshooting steps and let us know if the issue continues: ^KN,account_security,,,app_website_technical,True,"The customer is frustrated and expressing anger using profanity, requiring human de-escalation rather than an automated response."
g0168,2840275,"Ahhh, I see excellent. I’ll do that &amp; thanks for your help 👍👍👍","😁You're very welcome, Dan! We're always happy to help out in any way we can. Enjoy the rest of your day! ^WJ",compliment_positive_feedback,,,compliment_positive_feedback,False,"The customer is expressing satisfaction and gratitude, making it completely safe for a positive automated response without human intervention."
g0169,1533714,When did free 2 day Prime deliveries become 3 or more? This makes me 😠 that I’m paying for Prime and not getting 2 day 📦,"(1/2) Hello Kathy! Two-Day Shipping refers to transit time, in business days, once the order has been shipped.",order_status_delivery,,,complaint_negative_other,True,"The customer is expressing clear frustration and anger regarding a degraded subscription benefit, which requires human de-escalation rather than a standard automated response."
g0170,1439804,It’s 4 days now and no one called. Thanks. How easy is it to as a new Book as product on your website.,We've shared the details with the concerned team. They'll get your issue resolved. Appreciate your patience. ^SG,app_website_technical,,,general_inquiry,True,"The customer expresses sarcasm and frustration regarding a delayed callback alongside a new product listing question, which requires human empathy and de-escalation rather than an automated response."
g0171,2319779,refund it and take this back..,We have responded to your concern here: Request you to check. ^MP,refund_return_cancellation,,,refund_return_cancellation,True,"The customer is demanding a refund and return directly, which involves financial transactions and requires human handling or specific verification."
g0172,710604,"well, what a waste of time it was dealing with Amazon account specialist. Fraudulent activity on my acc. A copy n paste reply.","I'm sorry to hear about the troubles with your account, Jason! Can you tell me what was advised by the Specialist? ^FR",account_security,,,account_security,True,"The customer is frustrated, accusing Amazon of unhelpful boilerplate responses regarding fraudulent account activity, which requires human de-escalation and specialized security intervention."
g0173,349438,Already replied many times over. Pls dig into your mailbox and let me know the settlement procedure. Thanks.,Please provide your details here: and I'll get back to you on this. ^SH,compliment_positive_feedback,,,refund_return_cancellation,True,"The customer is frustrated, mentions a settlement procedure, and references multiple previous unanswered attempts, which requires human review and de-escalation rather than automation."
g0174,182602,Have given you a second chance and reordered! Hope I will get a undamaged product this time...,"Thank you, Saikrishna. Be assured, your order should be delivered in pristine condition. Do keep us posted. ^SV",product_quality_defect,,,product_quality_defect,False,"The customer is expressing hope for an undamaged product after reordering and does not require immediate human de-escalation, legal intervention, or financial resolution."
g0175,1359076,Replied you through DM ... Please can you share T&amp;C's for getting replacement is manufacturing defect is not covered in it ???,"We've responded to your query via DM, Dipanshu. Kindly check.",product_quality_defect,,,product_quality_defect,True,"The customer is asking about policy terms for replacements when a defect is not covered, which requires nuanced policy interpretation and clarification best handled by a human agent."
g0176,2290529,yes but no satisfactory resolution hate your customer service,"I'm sorry about that, We’d like to help you with this; please fill this form: and we'll contact you at the earliest.^PJ",unmatched,,,complaint_negative_other,True,"The customer is expressing explicit anger and dissatisfaction with customer service, requiring human empathy and de-escalation rather than an automated reply."
g0177,1258988,"I raised this on 10th oct through an email, does it take this long for a solution, i need my phone pls, damn its a birthday gift for someone",soon with an update. Kindly keep an eye on your inbox for any correspondence from our side here: (2/2)^SF,unmatched,,,order_status_delivery,True,"The customer is frustrated and waiting on a delayed phone meant for a birthday, requiring empathetic human de-escalation rather than an automated response."
g0178,2558595,"Hi Amazon, Order id # 405-7742295-7390718. I raised request for above order id around 25 days back at Amazon as well as BPL brand also. But Still I didn't get any call from Amazon and BPL. Is the service Amazon provide to customers. It's not fair and worst service.","Please don't provide your order details, we consider it personal information. Our Twitter page is visible to public. ^KS 2/2",complaint_negative_other,,,complaint_negative_other,True,"The customer is expressing significant frustration and anger over an unresolved 25-day-old issue involving a third-party brand, requiring human de-escalation rather than an automated response."
g0179,247451,Your team communicates in order tone. I don't need your product now. Give my money ASAP.,"Hence, requested you to revert to our email for further action or updates. [2/2] ^HA",unmatched,,,refund_return_cancellation,True,"The customer is explicitly demanding an urgent refund and expressing frustration with the tone of communication, requiring human intervention and de-escalation."
g0180,1379391,Hey i think i've received a fraudulent email about a Prime subscription i didnt set up. is there an address i can forward it to?,Oh no! You can find some helpful info on reporting fraudulent emails here: . Hope this helps! ^AD,account_security,,,account_security,True,"The customer is reporting a potential phishing or fraudulent email regarding an unauthorized subscription, which involves account security and requires specialized guidance rather than a standard automated reply."
g0181,2881913,"How do I see my messages? Need to send some photos to a seller since they requested them, (defective product) but unsure if attaching them to an email would work.","Attaching pictures in a reply to the messages you have received should work. However, you can also contact the seller through our online communications manager. You can find instruction here:",product_quality_defect,,,general_inquiry,False,"The customer is asking a straightforward informational question about how to message a seller and attach photos, which can be safely answered with standard help documentation."
g0182,1821574,I can’t get info my account and it won’t let me access the customer support page unless I sign in. How do I contact you,"The previously provided link does not require a sign in. If you receive a sign in page, please select ""Skip sign in."" ^RR",account_security,,,account_security,True,"The customer is experiencing account access issues and cannot reach support through standard channels, which involves account security and requires human intervention to resolve."
g0183,2401528,I can't add anything to my cart. Is there a prob?,I'm sorry about the troubles! Please reach out to us here: for more troubleshooting on this! ^TK,unmatched,,,app_website_technical,False,This is a straightforward technical troubleshooting question regarding website functionality that can be safely handled by an automated assistant.
g0184,2418073,it’s taken the money out but says i haven’t got a membership??,Hmmm... we may need a closer look at this. Reach out to us here: ^MJ,unmatched,,,billing_payment_issue,True,"The customer is reporting a financial discrepancy where money was taken but the membership was not activated, which requires human review for billing and account security."
g0185,1410357,#amazonindia biggest lair company. They are cancelling so called lightening deal products again and again. nobody is hearing in customer care. sharing some incidents here.,"Sorry to know about that. Whenever an order is canceled, an email will be sent to your registered email address ^AK (1/3)",refund_return_cancellation,,,complaint_negative_other,True,"The customer is expressing extreme anger and frustration regarding repeated order cancellations, requiring human de-escalation and empathy rather than an automated response."
g0186,378841,"This is what they did with me, ordered and paid 1224 for JiowifiM2 &amp; Delivered JIofi150MB which Cost 999,Now say how2 Believe ?",Sorry about the bad experience. Kindly get in touch with us here: and we’ll be glad to help you.^NS,order_status_delivery,,,product_quality_defect,True,"The customer experienced a financial discrepancy and order mix-up involving different product prices, requiring human intervention to process a refund or correct exchange."
g0187,2671800,ORDER # 405-3511566-0877939 Sold by: Mivi Official ORDER PLACED: 7 October 2017 Expected by 1 Nov Not yet dispatched.,"Please don't provide your order number, we consider it to be personal info. Our Twitter page is visible to the public. ^MP 2/2",unmatched,,,order_status_delivery,False,This is a standard order status inquiry about a delayed shipment that can be safely handled by an automated system checking the tracking details.
g0188,1482325,Hey :There is s bug in amazon which leads to sharing order details of some to other users. Connect for details.,"We'd like to know that, please write to us here: and I'll reach out to you. ^SQ",app_website_technical,,,app_website_technical,True,"The customer is reporting a critical security and privacy vulnerability involving the accidental sharing of order details between users, which requires immediate human investigation."
g0189,2389707,"5 mins back received order. Why sending damaged product? Order Id: 408-1966445-1659532. It's clearly mentioned on the pack as ""Customer Damage"" then also sending to customer. Poor service. What's the meaning of amazon fulfilled service. Replace it.",I'm sorry to know that the product you've received is damaged. May I know if you've reported this to our support team here: ? ^EM,product_quality_defect,,,product_quality_defect,True,"The customer is frustrated, reporting a damaged product marked as customer damage, and explicitly demanding a replacement and accountability."
g0190,2353785,I never submitted my email id i login through my phone number,We'd like to check this. Kindly share your details here: and we'll look into it. ^MO,account_security,,,general_inquiry,False,This is a straightforward account access clarification regarding phone number login that can be safely handled with standard automated guidance.
g0191,255491,thanks ... I’ll give it a go..,You're welcome. Please let us know if you have any further questions or concerns. We're here to help! ^TG,compliment_positive_feedback,,,compliment_positive_feedback,False,"The customer message is positive and indicates they are satisfied, making it safe for standard automated closure."
g0192,2935868,. you just charged me for a year's prime subscription without reminding me beforehand 😢,"We are sorry for the inconvenience, have you checked this info ^VL",billing_payment_issue,,,billing_payment_issue,True,"This message involves an unexpected financial charge and customer dissatisfaction regarding a Prime subscription, which requires human handling for billing resolution and de-escalation."
g0193,1471707,Website led me to believe the new CoD WW2 game preorder would allow me to pre install. Lead to an extremely frustrating CS chat experience.,Very sorry about the experience. Were we able to share any insight on the pre-order issues that were occurring? ^CR,app_website_technical,,,complaint_negative_other,True,"The customer is expressing significant frustration with a prior support interaction and website misleading them regarding a preorder, requiring human empathy and de-escalation rather than an automated reply."
g0194,596833,"I ordered Sheffield Induction Base Cookware on 03-10-17. Which is defective, So I contacted your cust care via call almost everyday for 7 days. But the pick up haven't been happened as promised by your cust care agent.And I'm still waiting for the pick-up to happen.",I'm sorry to learn your order has not been picked up yet. I'd like to look into this and help you. Please share your details here : and we'll reach out to you soon. ^AS,product_quality_defect,,,refund_return_cancellation,True,"The customer is frustrated due to repeated unfulfilled pickup promises over a period of 7 days, which requires human de-escalation and manual intervention."
g0195,2589137,"thanks a lot amazon been waiting all day for delivery then get an email saying it's been attempted when I was in the building, what a lie, even left instruction to go round the back, I want a refund ruined my night","Simon, Sorry for the delay. Give us a call and we'll get your parcel to you as soon as possible. ^EM",order_status_delivery,,,order_status_delivery,True,"The customer is angry, accusing the delivery driver of lying, and explicitly demanding a refund, which requires human de-escalation and financial handling rather than automated replies."
g0196,93668,Another delayed shipment. Who do I need to call to fix this?,Please contact us here: so we can make sure this is addressed. ^CO,unmatched,,,order_status_delivery,False,This is a standard inquiry about a delayed shipment that can be efficiently handled by an automated tracking and order status workflow.
g0197,1262643,No obvious way of marking that on your website.,Please contact us here: so an agent with access to your acc can look into this further with you. ^JJ,app_website_technical,,,app_website_technical,False,"The customer is simply pointing out a minor website navigation issue, which can be safely addressed with standard troubleshooting steps by an automated agent."
g0198,205021,Thank you! All sorted now. There were 2 accounts set up with the same email address which was very weird.,"Thanks for keeping us in the loop! If anything else comes up, we're here to help. ^RA",compliment_positive_feedback,,,compliment_positive_feedback,False,"The customer is sharing positive feedback and confirming their issue is already resolved, making it safe for automated closure."
g0199,2795333,"just updated amazon app and it switched from USA to Mexico. I am in MX but shop way more from US site, how can i get the US app?",Oh no!. I'm sorry that happened. You can contact us here: so we can help. ^LL,app_website_technical,,,app_website_technical,False,"The customer is asking a straightforward technical question about changing their marketplace country setting in the app, which can be safely handled with standard troubleshooting steps."
g0200,2457737,Nice to know that your customer services just say anything and don’t even know what your customer even has on their account 😂 #laughable #terrible,"Hi Kelly, this seems a little strange. Can I ask what the tracking is currently saying? ^KK",complaint_negative_other,,,complaint_negative_other,True,"The customer is expressing sarcasm and anger over poor service, which requires human de-escalation rather than an automated reply."
g0201,959700,I’ve gone through the entire scenario so many times with so many different people it is ridiculous that there is no continuity of process.,Have you received any e-mails regarding this issue from the Account Specialist? ^JZ,complaint_negative_other,,,complaint_negative_other,True,The customer is expressing extreme frustration regarding a lack of process continuity and requires empathetic human de-escalation rather than an automated response.
g0202,235668,worst service by amazon. if u don't have PC you not able to get invoice of ur purchase wow. order: 4__credit_card__,Please don’t provide your order details as it is personal information. Our page is visible to the public.2/2^HN,complaint_negative_other,,,complaint_negative_other,True,"The customer is expressing significant frustration regarding service limitations, which requires human de-escalation rather than an automated response."
g0203,2343922,Several times. Still nothing has been done. I also have been told the refund has been issued but I know how to read my bank statements,Did we mention when the refund was issued? It typically takes about 3-5 business days to show up on your statement. ^LI,refund_return_cancellation,,,billing_payment_issue,True,"The customer is frustrated, expressing distrust regarding a promised refund that has not appeared on their bank statement, which requires human de-escalation and financial verification."
g0204,920931,Stop posting shit. You sold be a defective product and doesn't give a damn about issue. #biycottAmazon #fakeamazon #disappointing services,That's quite a comment. I'd like to know what went wrong. Kindly fill in your details 1/2 ^MM,product_quality_defect,,,product_quality_defect,True,"The customer is extremely angry, using profanity, threatening a boycott, and complaining about a defective product, which requires human de-escalation rather than an automated response."
g0205,2263090,"I am returning an order and have my proof from the post office, but not had a confirmation from you yet. Posted it Saturday. Thanks",Are you returning an order with a prepaid label from Amazon? ^DG,refund_return_cancellation,,,refund_return_cancellation,False,This is a standard return tracking inquiry that can be safely handled by an automated system using tracking data.
g0206,135093,Thanks for help,You're welcome :) ^HS,compliment_positive_feedback,,,compliment_positive_feedback,False,"The customer message is a simple, positive compliment expressing gratitude, which carries no risk and can be safely handled by an automated acknowledgment."
g0207,1086042,"🤔 why do I need to ship this back if it’s broken? It seems like a waste of packaging, can you just send me a replacement?",We appreciate you reaching out. Please contact us here via phone or chat to explore your options: ^GG,product_quality_defect,,,refund_return_cancellation,True,"The customer is questioning return policy exceptions for a broken item, which requires human judgment regarding waste, policy waivers, and immediate replacement processing."
g0208,2497111,When you feel cheated and lied to because your package from amazon says guaranteed delivery by 8:00pm and I’m still waiting or it. 🤔,"Oh no, Laura! What is the current status of the order? If you're unsure, you can check here ^AY",order_status_delivery,,,order_status_delivery,True,The customer expresses frustration about a missed guaranteed delivery and requires human empathy and de-escalation rather than a generic automated response.
g0209,2480928,"yes, 10 times. I change it but can't login using my new p/w.",Try contacting us directly here: You won't have to login. We'll be able to assist in real-time. ^SK,account_security,,,account_security,True,"The customer is experiencing ongoing account access issues after multiple password resets, which directly impacts account security and requires human intervention to resolve."
g0210,416741,Complaint so many times just check it,Apologies for the stretch. Please submit your details here: We'll check and reach out to you. ^HK,unmatched,,,complaint_negative_other,True,"The customer is expressing unresolved frustration over multiple previous complaints, requiring a human agent to de-escalate and investigate the specific issue."
g0211,294354,you do like to send the most ridiculous sized boxes but you've made Dexter happy #amazon #cats #boxesarefun,How precious! ❤️ Please share your packaging feedback with us here: to help us improve. ^WJ,complaint_negative_other,,,compliment_positive_feedback,False,"This is a lighthearted positive social mention about cat boxes requiring no financial, legal, or security intervention."
g0212,2434591,It was in Bengaluru at 1:36PM and you didn't deliver order to address within 6-7 hours. Totally worst service.,"Apologies. As per the details on the tracking page, the package will be delivered any day in between from [1/2]^SK",order_status_delivery,,,order_status_delivery,True,The customer is explicitly angry about a failed delivery time commitment and needs human de-escalation rather than a standard automated response.
g0213,1615529,can you help me with the order #406-9837623-9502709. In Amazon account reflects order was active . But got Msg order cancelled.,"Please reach out to us, here: so we can assist you. 1/2 ^PJ",refund_return_cancellation,,,order_status_delivery,True,"The customer is reporting a discrepancy between the account status showing active and a message stating the order was cancelled, which involves order integrity and potential system confusion that requires human review."
g0214,378469,seller is doing fraud. He clearly stated that he will give 400 rs voucher of bookmyshow. But he is giving only Rs. 200 egv.,We'll be glad to sort this for you. (2/2) ^MN,account_security,,,billing_payment_issue,True,"The customer is accusing a seller of fraud regarding a monetary voucher value, which requires human review and de-escalation."
g0215,1082255,please try to improve ur Indian customer support. It is pathetic. For simple installation waiting for 35 days!!!,"Apologies, I'd like to look into it right away. Could you please confirm if you've shared the details in the (1/2) ^MO",complaint_negative_other,,,complaint_negative_other,True,"The customer is expressing strong anger and a severe service failure regarding a 35-day wait, which requires human de-escalation rather than an automated response."
